<?xml version="1.0" encoding="UTF-8"?>
<addon id="plugin.program.tvsupertuga.notifications" version="0.0.1"
       name="[COLOR cyan]TV[/COLOR]-[COLOR red]supertuga[/COLOR] [COLOR limegreen]notifications[/COLOR]" provider-name="TEAM TUGA 4EVER">
  <requires>
  	<import addon="xbmc.python" version="2.1.0"/>
  	<import addon="script.module.addon.common" optional="true" />
  </requires>
  <extension point="xbmc.python.script" library="default.py">
    <provides>executable</provides>
  </extension>
  <extension point="xbmc.service" library="service.py" start="startup">
  </extension>
  <extension point="xbmc.addon.metadata">
  	<summary>TVsupertuga NEWS</summary>
  	<description>HERE YOU CAN FIND THE LATEST NEWS OF TVsupertuga.</description>
  	<disclaimer>WE TAKE NO RESPONSIBILITY FOR ANY PROBLEMS THIS PLUGIN MAY CAUSE.</disclaimer>
  	<language>en</language>
  	<platform>all</platform>
  	<website></website>
  	<source></source>
  	<email></email>
  </extension>
</addon>
