﻿<?xml version="1.0" encoding="UTF-8" standalone="yes"?>
<addon id="plugin.video.mntek" name="MNTEK" version="1.0" provider-name="mntek">
  <requires>
    <import addon="xbmc.python" version="2.1.0"/>
    <import addon="script.module.addon.common" version="2.0.0"/>
    <import addon="plugin.video.youtube" />
  </requires>
	
  <extension point="xbmc.python.pluginsource" library="default.py">
    <provides>video</provides>
  </extension>
	
  <extension point="xbmc.addon.metadata">
    <summary lang="en">MNTEK</summary>
    <description lang="en">É um canal mais baseado em tecnologia, contém as dicas, reviews e unboxings. Tudo falado em português a pensar em ti.</description>
    <platform>all</platform>
    <forum></forum>
    <website></website>
  </extension>
</addon>
