<?xml version="1.0" encoding="UTF-8" standalone="yes"?>
<addon id="plugin.video.matchreplays" version="0.0.1" name="Match Replays" provider-name="XunityTalk">
  <requires>  
   <import addon="script.module.urlresolver" version="0.0.1"/>
  </requires>
  <extension point="xbmc.python.pluginsource" library="default.py">
        <provides>video</provides>
  </extension>
  <extension point="xbmc.addon.metadata">
    <summary>Watch Soccer Highlights</summary>
    <description>Watch Soccer Highlights Videos</description>
    <platform>all</platform>
  </extension>
</addon>