<?xml version="1.0" encoding="UTF-8" standalone="yes"?>
<addon id="teamtuga4ever.repository" name="[COLOR limegreen]Teamtuga4ever[/COLOR].[COLOR red]repository[/COLOR]" version="0.0.6" provider-name="Team-Tuga.4ever">
	<extension point="xbmc.addon.repository" name="Teamtuga4ever Repository">
    <dir>
            <info compressed="false">https://raw.githubusercontent.com/teamrepository/teamtuga4ever.repository/master/addons.xml</info>
            <checksum>https://raw.githubusercontent.com/teamrepository/teamtuga4ever.repository/master/addons.xml.md5</checksum>
            <datadir zip="true">https://github.com/teamrepository/teamtuga4ever.repository/tree/master/repo</datadir>
    </dir>
    
    <info compressed="false">http://teamtuga4ever.net23.net/teamtuga4ever.repository/addons.xml</info>
    <checksum>http://teamtuga4ever.net23.net/teamtuga4ever.repository/addons.xml.md5</checksum>
    <datadir zip="true">http://teamtuga4ever.net23.net/teamtuga4ever.repository/repo/</datadir>
[COLOR limegreen]repository[/COLOR]
	</extension>
	<extension point="xbmc.addon.metadata">
		<summary>Team-Tuga.4ever Repository</summary>
		<description></description>
		<platform>all</platform>
	</extension>
</addon>
