<?xml version="1.0" encoding="UTF-8"?>
<includes>
	<include name="OWM_WeatherMap">
		<control type="group">
			<visible>StringCompare(Window.Property(Weather.CurrentView),map)</visible>
			<include>VisibleFadeEffect</include>
			<control type="button" id="999">
				<description>Hidden Button for focus</description>
				<left>-600</left>
				<top>-20</top>
				<width>1</width>
				<height>1</height>
				<texturenofocus>-</texturenofocus>
				<texturefocus>-</texturefocus>
				<onleft>9000</onleft>
				<onright>9000</onright>
			</control>
			<control type="label">
				<description>header label</description>
				<left>20</left>
				<top>13</top>
				<width>610</width>
				<height>30</height>
				<font>font13_title</font>
				<label>31910</label>
				<align>center</align>
				<aligny>center</aligny>
				<textcolor>white</textcolor>
				<shadowcolor>black</shadowcolor>
			</control>
			<control type="image">
				<description>Background image</description>
				<left>40</left>
				<top>75</top>
				<width>570</width>
				<height>325</height>
				<texture border="5">button-nofocus.png</texture>
			</control>
			<control type="image">
				<description>map location background</description>
				<left>45</left>
				<top>80</top>
				<width>560</width>
				<height>315</height>
				<!-- <texture>Window.Property(Map.Location)</texture> -->
				<info>Window.Property(Map.Location)</info>
                <aspectratio>keep</aspectratio>
				<aligny>center</aligny>
			</control>
			<control type="image">
				<description>map</description>
				<left>45</left>
				<top>80</top>
				<width>560</width>
				<height>315</height>
				<info>Window.Property(Map.Weathermap)</info>
                <colordiffuse>Window.Property(Map.ColorDiffuse)</colordiffuse>
				<aspectratio>keep</aspectratio>
				<aligny>center</aligny>
			</control>
			<control type="image">
				<left>0</left>
				<top>410</top>
				<width>650</width>
				<height>4</height>
				<texture>separator.png</texture>
			</control>
			<control type="label">
				<left>40</left>
				<top>430</top>
				<width>570</width>
				<height>30</height>
				<font>font13_title</font>
				<textcolor>blue</textcolor>
				<align>center</align>
				<aligny>center</aligny>
				<label>$LOCALIZE[33050]</label>
                <visible>!IsEmpty(Window.Property(Alerts.Count))</visible>
			</control>
			<control type="group">
				<visible>!IsEmpty(Window.Property(Alerts.Count))</visible>
				<control type="textbox">
					<left>40</left>
					<top>470</top>
					<width>570</width>
					<height>100</height>
					<font>font12</font>
					<textcolor>white</textcolor>
					<selectedcolor>selected</selectedcolor>
					<align>center</align>
					<label>$INFO[Window.Property(Alerts)]</label>
					<autoscroll time="2000" delay="3000" repeat="5000">Skin.HasSetting(AutoScroll)</autoscroll>
				</control>
			</control>
			<control type="label">
				<left>40</left>
				<top>500</top>
				<width>570</width>
				<height>30</height>
				<font>font13_title</font>
				<textcolor>white</textcolor>
				<align>center</align>
				<aligny>center</aligny>
				<label>$LOCALIZE[19055]</label>
				<visible>!IsEmpty(Window.Property(Alerts.Count))</visible>
			</control>
		</control>
	</include>
</includes>
