﻿<?xml version="1.0" encoding="UTF-8" standalone="yes"?>
<addon id="loganaddon.repository" name="loganaddon.repository" version="0.0.2" provider-name="Vitor Pereira e Pedro Selva">
	<extension point="xbmc.addon.repository" name="tvsupertuga.repository">
		<info compressed="false">http://vitor1983.netai.net/loganaddon.repository/addons.xml</info>
		<checksum>http://vitor1983.netai.net/loganaddon.repository/addons.xml.md5</checksum>
		<datadir zip="true">http://vitor1983.netai.net/loganaddon.repository/repo/</datadir>
	</extension>
	<extension point="xbmc.addon.metadata">
		<summary>loganaddon.repository</summary>
		<description> </description>
		<disclaimer></disclaimer>
		<platform>all</platform>
	</extension>
</addon>