<?xml version="1.0" encoding="UTF-8" standalone="yes"?>
<addon id="plugin.video.digistorageplayer" name="Digi Storage Player" version="1.0.0" provider-name="RCSRDS">
	<requires>
		<import addon="xbmc.python" version="2.24.0"/>
		<import addon="script.module.requests" version="2.9.1"/>
	</requires>
	<extension point="xbmc.python.pluginsource" library="addon.py">
		<provides>executable</provides>
	</extension>
	<extension point="xbmc.addon.metadata">
		<platform>all</platform>
		<summary lang="en">Digi Storage Player</summary>
		<description lang="en">Digi Storage Player</description>
		<license>GNU General Public License, v2</license>
		<language></language>
		<email>marianp.dot.com@gmail.com</email>
		<source>https://github.com/marianpavel/plugin.video.digistorageplayer</source>
	</extension>
</addon>
