<?xml version="1.0" encoding="UTF-8" standalone="yes"?>
<addon id="plugin.program.jogosEmuladores" 
	     name="Jogos e Emuladores" 
	     version="0.0.3" 
	     provider-name="TVsupertuga">
  <requires>
  	<import addon="xbmc.python" version="2.1.0"/>
  </requires>
  <extension point="xbmc.python.pluginsource" library="default.py">
        <provides>executable</provides>
  </extension>
  <extension point="xbmc.service" library="service.py" start="startup">
  </extension> 
  <extension point="xbmc.addon.metadata">
    <platform>all</platform>
    <summary lang="en"></summary>
    <description lang="en"></description>
    <disclaimer lang="en"></disclaimer>
    <language></language>
    <platform>all</platform>
    <license>GNU GENERAL PUBLIC LICENSE. Version 2, June 1991</license>
    <forum>http://tvsupertuga.forum-gratuito.com/</forum>
    <website></website>
    <facebookgrupo></facebookgrupo>
    <email>tvsupertuga@gmail.com</email>
  </extension>
</addon>
